Name,Nodes,Edges,Diameter,Density,Modularity,Clustering.Coefficient,Betweeness,Closeness,Connected.Components,Communities
Cora,2708,5278,19,0.00144,0.640118811,0.293181868,6053.358198,1.49E-06,78,7
Citeseer,3312,4536,28,0.000827282,0.540161099,0.242995762,5583.61413,1.92E-07,438,6
PubMed,19717,44324,18,0.000228039,0.431770884,0.111689222,52610.86474,8.13E-06,1,3
Dancer 01,1649,7608,7,0.011198314,0.637071215,0.180228469,2072.433596,0.000174296,1,7
Dancer 02,2376,16364,9,0.005799752,0.365100078,0.007575391,3481.862374,5.31E-05,5,6
Dancer 03,2282,22673,5,0.008711603,0.646483102,0.307892739,2242.71078,0.00014887,1,5
email_eu,1005,16064,7,0.031840796,0.288013189,0.450450888,766.7890547,4.54E-05,20,42
