"Name","Nodes","Edges","Diameter","Density","Modularity","Clustering.Coefficient","Betweeness","Closeness","Connected.Components","Communities"
"Cora",2708,5278,19,0.00143999991269421,0.640118810577514,0.293181867900695,6053.35819793205,1.49241937808451e-06,78,7
"Citeseer",3312,4536,28,0.000827281919294053,0.54016109901894,0.242995761674183,5583.61413043478,1.92371780307425e-07,438,6
"PubMed",19717,44324,18,0.000228039088258114,0.431770884025997,0.111689221922213,52610.8647360146,8.13260969605005e-06,1,3
"Dancer 01",1649,7608,7,0.0111983137765165,0.63707121481511,0.1802284694146,2072.43359611886,0.000174296272567832,1,1649
"Dancer 02",2376,16364,9,0.00579975190501506,0.365100078087838,0.00757539121381736,3481.86237373737,5.3066924984655e-05,5,6
"Dancer 03",2282,22673,5,0.00871160264979035,0.646483102137473,0.307892738590389,2242.71078001753,0.000148869946287549,1,5
